[{"variable":2,"unit":"%","value":33.37,"place":"C-101"},
{"variable":2,"unit":"%","value":59.09,"place":"ML-405"},
{"variable":2,"unit":"%","value":15.2,"place":"C-101"},
{"variable":2,"unit":"%","value":45.0,"place":"ML-405"},
{"variable":2,"unit":"%","value":34.75,"place":"C-101"},
{"variable":2,"unit":"%","value":24.41,"place":"C-101"},
{"variable":2,"unit":"%","value":71.2,"place":"C-101"},
{"variable":2,"unit":"%","value":2.35,"place":"RGD-101"},
{"variable":2,"unit":"%","value":25.03,"place":"C-101"},
{"variable":2,"unit":"%","value":27.21,"place":"RGD-101"},
{"variable":2,"unit":"%","value":51.32,"place":"C-101"},
{"variable":2,"unit":"%","value":53.61,"place":"ML-405"},
{"variable":2,"unit":"%","value":65.88,"place":"RGD-101"},
{"variable":2,"unit":"%","value":75.72,"place":"RGD-101"},
{"variable":2,"unit":"%","value":81.17,"place":"C-101"},
{"variable":2,"unit":"%","value":13.04,"place":"C-101"},
{"variable":2,"unit":"%","value":7.77,"place":"ML-405"},
{"variable":2,"unit":"%","value":94.24,"place":"ML-405"},
{"variable":2,"unit":"%","value":51.87,"place":"ML-405"},
{"variable":2,"unit":"%","value":99.34,"place":"RGD-101"}]