[{"variable":1,"unit":"C","value":19.63,"place":"C-101"},
{"variable":1,"unit":"C","value":32.71,"place":"RGD-101"},
{"variable":1,"unit":"C","value":40.11,"place":"C-101"},
{"variable":1,"unit":"C","value":22.33,"place":"RGD-101"},
{"variable":1,"unit":"C","value":14.33,"place":"ML-405"},
{"variable":1,"unit":"C","value":42.28,"place":"RGD-101"},
{"variable":1,"unit":"C","value":27.62,"place":"RGD-101"},
{"variable":1,"unit":"C","value":14.56,"place":"C-101"},
{"variable":1,"unit":"C","value":25.65,"place":"RGD-101"},
{"variable":1,"unit":"C","value":10.15,"place":"RGD-101"},
{"variable":1,"unit":"C","value":42.57,"place":"ML-405"},
{"variable":1,"unit":"C","value":16.91,"place":"C-101"},
{"variable":1,"unit":"C","value":28.19,"place":"ML-405"},
{"variable":1,"unit":"C","value":39.3,"place":"ML-405"},
{"variable":1,"unit":"C","value":30.81,"place":"ML-405"},
{"variable":1,"unit":"C","value":38.11,"place":"ML-405"},
{"variable":1,"unit":"C","value":30.27,"place":"ML-405"},
{"variable":1,"unit":"C","value":14.5,"place":"RGD-101"},
{"variable":1,"unit":"C","value":44.05,"place":"RGD-101"},
{"variable":1,"unit":"C","value":28.05,"place":"RGD-101"}]